Income Index,,,,,,,,,,,,,,,,,,,,,,,,,,,,,,,,,,,,,,,,,,,,,,,,,,,,,,,,,
HDI Rank (2017),Country,1990,,1991,,1992,,1993,,1994,,1995,,1996,,1997,,1998,,1999,,2000,,2001,,2002,,2003,,2004,,2005,,2006,,2007,,2008,,2009,,2010,,2011,,2012,,2013,,2014,,2015,,2016,,2017,
168,Afghanistan,..,..,..,..,..,..,..,..,..,..,..,..,..,..,..,..,..,..,..,..,..,..,..,..,0.357,..,0.362,..,0.357,..,0.367,..,0.371,..,0.386,..,0.388,..,0.413,..,0.421,..,0.426,..,0.442,..,0.443,..,0.441,..,0.439,..,0.438,..,0.439,..
68,Albania,0.575,..,0.523,..,0.51,..,0.531,..,0.547,..,0.57,..,0.585,..,0.568,..,0.582,..,0.602,..,0.614,..,0.627,..,0.633,..,0.642,..,0.651,..,0.659,..,0.669,..,0.679,..,0.683,..,0.686,..,0.693,..,0.699,..,0.7,..,0.705,..,0.707,..,0.711,..,0.717,..,0.722,..
85,Algeria,0.694,..,0.686,..,0.686,..,0.681,..,0.676,..,0.677,..,0.68,..,0.68,..,0.687,..,0.688,..,0.69,..,0.697,..,0.701,..,0.71,..,0.713,..,0.717,..,0.719,..,0.728,..,0.73,..,0.73,..,0.734,..,0.734,..,0.734,..,0.734,..,0.737,..,0.739,..,0.744,..,0.744,..
35,Andorra,0.904,..,0.902,..,0.897,..,0.891,..,0.89,..,0.891,..,0.897,..,0.91,..,0.915,..,0.921,..,0.92,..,0.922,..,0.926,..,0.937,..,0.942,..,0.947,..,0.95,..,0.947,..,0.931,..,0.924,..,0.916,..,0.91,..,0.91,..,0.914,..,0.92,..,0.924,..,0.927,..,0.931,..
147,Angola,0.456,..,0.453,..,0.45,..,0.403,..,0.363,..,0.443,..,0.468,..,0.485,..,0.483,..,0.473,..,0.483,..,0.496,..,0.518,..,0.52,..,0.526,..,0.537,..,0.554,..,0.587,..,0.583,..,0.613,..,0.603,..,0.601,..,0.602,..,0.613,..,0.62,..,0.625,..,0.617,..,0.613,..
70,Antigua and Barbuda,0.755,..,0.762,..,0.762,..,0.769,..,0.775,..,0.764,..,0.77,..,0.776,..,0.779,..,0.781,..,0.791,..,0.781,..,0.774,..,0.783,..,0.79,..,0.796,..,0.812,..,0.824,..,0.822,..,0.801,..,0.79,..,0.784,..,0.786,..,0.787,..,0.792,..,0.797,..,0.803,..,0.806,..
47,Argentina,0.701,..,0.719,..,0.736,..,0.743,..,0.75,..,0.743,..,0.749,..,0.759,..,0.762,..,0.755,..,0.752,..,0.743,..,0.717,..,0.73,..,0.742,..,0.757,..,0.767,..,0.78,..,0.784,..,0.773,..,0.785,..,0.793,..,0.791,..,0.793,..,0.788,..,0.788,..,0.783,..,0.788,..
83,Armenia,0.538,..,0.529,..,0.416,..,0.427,..,0.452,..,0.465,..,0.48,..,0.491,..,0.499,..,0.505,..,0.514,..,0.529,..,0.55,..,0.57,..,0.585,..,0.608,..,0.629,..,0.65,..,0.662,..,0.637,..,0.643,..,0.648,..,0.658,..,0.666,..,0.668,..,0.671,..,0.668,..,0.682,..
3,Australia,0.85,..,0.847,..,0.846,..,0.852,..,0.857,..,0.859,..,0.863,..,0.867,..,0.873,..,0.879,..,0.883,..,0.884,..,0.888,..,0.89,..,0.894,..,0.896,..,0.897,..,0.901,..,0.904,..,0.905,..,0.905,..,0.906,..,0.911,..,0.913,..,0.914,..,0.916,..,0.918,..,0.918,..
20,Austria,0.869,..,0.872,..,0.873,..,0.873,..,0.876,..,0.879,..,0.883,..,0.885,..,0.89,..,0.894,..,0.899,..,0.9,..,0.903,..,0.904,..,0.907,..,0.91,..,0.915,..,0.919,..,0.922,..,0.915,..,0.918,..,0.922,..,0.921,..,0.921,..,0.921,..,0.919,..,0.921,..,0.924,..
80,Azerbaijan,0.675,..,0.671,..,..,..,..,..,0.553,..,0.532,..,0.531,..,0.54,..,0.553,..,0.561,..,0.569,..,0.581,..,0.595,..,0.61,..,0.619,..,0.64,..,0.679,..,0.703,..,0.728,..,0.75,..,0.759,..,0.754,..,0.758,..,0.766,..,0.771,..,0.77,..,0.764,..,0.763,..
54,Bahamas,0.858,..,0.848,..,0.844,..,0.839,..,0.841,..,0.867,..,0.882,..,0.812,..,0.82,..,0.826,..,0.829,..,0.832,..,0.829,..,0.826,..,0.827,..,0.826,..,0.828,..,0.826,..,0.824,..,0.815,..,0.815,..,0.815,..,0.856,..,0.853,..,0.849,..,0.849,..,0.844,..,0.844,..
43,Bahrain,0.896,..,0.895,..,0.91,..,0.918,..,0.91,..,0.914,..,0.916,..,0.91,..,0.914,..,0.916,..,0.921,..,0.916,..,0.91,..,0.912,..,0.913,..,0.915,..,0.914,..,0.915,..,0.909,..,0.894,..,0.894,..,0.887,..,0.89,..,0.896,..,0.892,..,0.913,..,0.912,..,0.911,..
136,Bangladesh,0.39,..,0.391,..,0.396,..,0.4,..,0.403,..,0.408,..,0.41,..,0.414,..,0.419,..,0.423,..,0.428,..,0.432,..,0.436,..,0.441,..,0.446,..,0.454,..,0.463,..,0.473,..,0.482,..,0.488,..,0.495,..,0.502,..,0.51,..,0.517,..,0.522,..,0.53,..,0.537,..,0.545,..
58,Barbados,0.742,..,0.736,..,0.725,..,0.725,..,0.73,..,0.732,..,0.737,..,0.744,..,0.738,..,0.738,..,0.751,..,0.746,..,0.746,..,0.749,..,0.75,..,0.755,..,0.76,..,0.765,..,0.763,..,0.759,..,0.761,..,0.761,..,0.761,..,0.76,..,0.76,..,0.761,..,0.763,..,0.765,..
53,Belarus,0.67,..,0.668,..,0.652,..,0.64,..,0.621,..,0.605,..,0.61,..,0.626,..,0.639,..,0.645,..,0.654,..,0.662,..,0.671,..,0.683,..,0.7,..,0.715,..,0.729,..,0.741,..,0.755,..,0.754,..,0.766,..,0.774,..,0.776,..,0.775,..,0.778,..,0.769,..,0.764,..,0.77,..
17,Belgium,0.865,..,0.868,..,0.87,..,0.869,..,0.875,..,0.878,..,0.88,..,0.885,..,0.888,..,0.893,..,0.898,..,0.898,..,0.899,..,0.9,..,0.904,..,0.906,..,0.909,..,0.913,..,0.915,..,0.907,..,0.914,..,0.911,..,0.913,..,0.911,..,0.911,..,0.911,..,0.911,..,0.913,..
106,Belize,0.59,..,0.603,..,0.617,..,0.623,..,0.619,..,0.617,..,0.614,..,0.614,..,0.612,..,0.618,..,0.63,..,0.631,..,0.635,..,0.642,..,0.642,..,0.643,..,0.646,..,0.64,..,0.642,..,0.646,..,0.643,..,0.649,..,0.65,..,0.648,..,0.649,..,0.655,..,0.651,..,0.645,..
163,Benin,0.402,..,0.404,..,0.4,..,0.406,..,0.403,..,0.407,..,0.409,..,0.414,..,0.417,..,0.42,..,0.424,..,0.427,..,0.429,..,0.43,..,0.432,..,0.431,..,0.432,..,0.436,..,0.44,..,0.439,..,0.437,..,0.438,..,0.44,..,0.446,..,0.452,..,0.451,..,0.453,..,0.457,..
134,Bhutan,0.46,..,0.456,..,0.458,..,0.466,..,0.481,..,0.483,..,0.494,..,0.504,..,0.496,..,0.505,..,0.539,..,0.546,..,0.555,..,0.561,..,0.566,..,0.574,..,0.582,..,0.602,..,0.604,..,0.609,..,0.62,..,0.628,..,0.63,..,0.633,..,0.639,..,0.643,..,0.654,..,0.663,..
118,Bolivia (Plurinational State of),0.539,..,0.544,..,0.546,..,0.549,..,0.554,..,0.557,..,0.562,..,0.566,..,0.571,..,0.568,..,0.569,..,0.569,..,0.57,..,0.569,..,0.571,..,0.576,..,0.581,..,0.585,..,0.592,..,0.594,..,0.596,..,0.601,..,0.603,..,0.611,..,0.619,..,0.627,..,0.633,..,0.635,..
77,Bosnia and Herzegovina,0.415,..,0.403,..,0.398,..,0.4,..,0.421,..,0.454,..,0.531,..,0.582,..,0.642,..,0.65,..,0.651,..,0.652,..,0.657,..,0.661,..,0.669,..,0.674,..,0.68,..,0.689,..,0.698,..,0.695,..,0.694,..,0.695,..,0.696,..,0.702,..,0.704,..,0.71,..,0.715,..,0.72,..
101,Botswana,0.66,..,0.673,..,0.675,..,0.679,..,0.664,..,0.677,..,0.676,..,0.688,..,0.694,..,0.694,..,0.692,..,0.696,..,0.687,..,0.698,..,0.698,..,0.705,..,0.716,..,0.727,..,0.734,..,0.726,..,0.733,..,0.744,..,0.75,..,0.759,..,0.763,..,0.758,..,0.761,..,0.762,..
79,Brazil,0.706,..,0.697,..,0.696,..,0.7,..,0.707,..,0.711,..,0.712,..,0.714,..,0.711,..,0.708,..,0.713,..,0.711,..,0.713,..,0.714,..,0.721,..,0.724,..,0.728,..,0.735,..,0.74,..,0.738,..,0.748,..,0.753,..,0.755,..,0.759,..,0.758,..,0.75,..,0.744,..,0.744,..
39,Brunei Darussalam,1,..,1,..,1,..,1,..,1,..,1,..,1,..,1,..,1,..,1,..,1,..,1,..,1,..,1,..,1,..,1,..,1,..,1,..,1,..,1,..,1,..,1,..,1,..,1,..,1,..,1,..,1,..,1,..
51,Bulgaria,0.671,..,0.657,..,0.661,..,0.66,..,0.663,..,0.666,..,0.667,..,0.667,..,0.675,..,0.667,..,0.674,..,0.686,..,0.7,..,0.709,..,0.719,..,0.729,..,0.736,..,0.74,..,0.755,..,0.754,..,0.757,..,0.759,..,0.763,..,0.763,..,0.768,..,0.773,..,0.782,..,0.791,..
183,Burkina Faso,0.322,..,0.331,..,0.328,..,0.328,..,0.326,..,0.331,..,0.343,..,0.348,..,0.354,..,0.361,..,0.358,..,0.363,..,0.366,..,0.373,..,0.375,..,0.384,..,0.389,..,0.392,..,0.398,..,0.398,..,0.397,..,0.401,..,0.408,..,0.412,..,0.411,..,0.412,..,0.419,..,0.423,..
185,Burundi,0.353,..,0.358,..,0.358,..,0.344,..,0.336,..,0.323,..,0.307,..,0.306,..,0.312,..,0.307,..,0.308,..,0.303,..,0.305,..,0.297,..,0.298,..,0.297,..,0.301,..,0.303,..,0.306,..,0.305,..,0.306,..,0.308,..,0.31,..,0.313,..,0.314,..,0.304,..,0.298,..,0.294,..
125,Cabo Verde,0.498,..,0.496,..,0.496,..,0.503,..,0.508,..,0.515,..,0.52,..,0.528,..,0.536,..,0.549,..,0.555,..,0.564,..,0.566,..,0.572,..,0.575,..,0.58,..,0.592,..,0.606,..,0.613,..,0.61,..,0.607,..,0.612,..,0.612,..,0.612,..,0.609,..,0.611,..,0.614,..,0.618,..
146,Cambodia,0.337,..,0.342,..,0.348,..,0.35,..,0.351,..,0.36,..,0.363,..,0.367,..,0.369,..,0.382,..,0.393,..,0.4,..,0.406,..,0.416,..,0.428,..,0.444,..,0.457,..,0.471,..,0.477,..,0.475,..,0.481,..,0.488,..,0.496,..,0.503,..,0.511,..,0.518,..,0.526,..,0.533,..
151,Cameroon,0.509,..,0.496,..,0.488,..,0.472,..,0.47,..,0.471,..,0.473,..,0.477,..,0.482,..,0.485,..,0.483,..,0.485,..,0.488,..,0.495,..,0.502,..,0.501,..,0.504,..,0.506,..,0.508,..,0.509,..,0.509,..,0.511,..,0.512,..,0.516,..,0.522,..,0.526,..,0.527,..,0.529,..
12,Canada,0.863,..,0.858,..,0.857,..,0.86,..,0.864,..,0.867,..,0.868,..,0.873,..,0.878,..,0.884,..,0.891,..,0.892,..,0.896,..,0.897,..,0.9,..,0.904,..,0.907,..,0.909,..,0.909,..,0.902,..,0.905,..,0.908,..,0.909,..,0.911,..,0.914,..,0.914,..,0.915,..,0.917,..
188,Central African Republic,0.338,..,0.336,..,0.33,..,0.325,..,0.327,..,0.332,..,0.316,..,0.322,..,0.325,..,0.332,..,0.331,..,0.329,..,0.325,..,0.313,..,0.313,..,0.314,..,0.319,..,0.321,..,0.324,..,0.325,..,0.329,..,0.333,..,0.339,..,0.269,..,0.271,..,0.277,..,0.281,..,0.286,..
186,Chad,0.362,..,0.371,..,0.378,..,0.342,..,0.356,..,0.353,..,0.351,..,0.354,..,0.36,..,0.354,..,0.345,..,0.356,..,0.359,..,0.345,..,0.386,..,0.411,..,0.396,..,0.409,..,0.404,..,0.426,..,0.442,..,0.438,..,0.446,..,0.446,..,0.451,..,0.454,..,0.441,..,0.432,..
44,Chile,0.667,..,0.676,..,0.693,..,0.702,..,0.706,..,0.72,..,0.729,..,0.738,..,0.744,..,0.74,..,0.746,..,0.749,..,0.751,..,0.752,..,0.758,..,0.763,..,0.763,..,0.771,..,0.781,..,0.779,..,0.785,..,0.794,..,0.803,..,0.808,..,0.811,..,0.814,..,0.813,..,0.814,..
86,China,0.412,..,0.423,..,0.441,..,0.459,..,0.476,..,0.488,..,0.501,..,0.513,..,0.522,..,0.533,..,0.544,..,0.555,..,0.567,..,0.581,..,0.595,..,0.61,..,0.628,..,0.648,..,0.662,..,0.674,..,0.688,..,0.7,..,0.712,..,0.721,..,0.733,..,0.741,..,0.75,..,0.76,..
90,Colombia,0.645,..,0.647,..,0.652,..,0.654,..,0.663,..,0.668,..,0.668,..,0.671,..,0.67,..,0.661,..,0.665,..,0.665,..,0.666,..,0.669,..,0.674,..,0.679,..,0.687,..,0.695,..,0.698,..,0.699,..,0.703,..,0.71,..,0.715,..,0.721,..,0.727,..,0.733,..,0.736,..,0.735,..
165,Comoros,0.418,..,0.406,..,0.416,..,0.415,..,0.402,..,0.403,..,0.397,..,0.399,..,0.396,..,0.408,..,0.407,..,0.407,..,0.406,..,0.406,..,0.405,..,0.406,..,0.406,..,0.405,..,0.401,..,0.4,..,0.4,..,0.4,..,0.401,..,0.403,..,0.402,..,0.399,..,0.398,..,0.399,..
137,Congo,0.613,..,0.615,..,0.621,..,0.605,..,0.6,..,0.552,..,0.553,..,0.57,..,0.591,..,0.554,..,0.535,..,0.553,..,0.555,..,0.551,..,0.538,..,0.509,..,0.493,..,0.516,..,0.538,..,0.556,..,0.555,..,0.552,..,0.579,..,0.59,..,0.613,..,0.651,..,0.634,..,0.611,..
176,Congo (Democratic Republic of the),0.386,..,0.367,..,..,..,0.32,..,0.3,..,0.293,..,0.299,..,0.286,..,0.281,..,0.265,..,0.262,..,0.25,..,0.252,..,0.257,..,0.261,..,0.264,..,0.268,..,0.271,..,0.271,..,0.274,..,0.279,..,0.282,..,0.286,..,0.287,..,0.297,..,0.304,..,0.313,..,0.313,..
63,Costa Rica,0.653,..,0.654,..,0.664,..,0.671,..,0.675,..,0.677,..,0.676,..,0.68,..,0.686,..,0.686,..,0.687,..,0.689,..,0.692,..,0.696,..,0.7,..,0.705,..,0.714,..,0.725,..,0.731,..,0.725,..,0.73,..,0.735,..,0.74,..,0.741,..,0.744,..,0.747,..,0.752,..,0.753,..
46,Croatia,0.749,..,0.714,..,0.695,..,0.684,..,0.694,..,0.731,..,0.745,..,0.752,..,0.757,..,0.751,..,0.761,..,0.766,..,0.774,..,0.78,..,0.788,..,0.794,..,0.801,..,0.809,..,0.811,..,0.798,..,0.797,..,0.802,..,0.798,..,0.799,..,0.8,..,0.807,..,0.808,..,0.816,..
73,Cuba,0.588,..,0.57,..,0.551,..,0.526,..,0.526,..,0.528,..,0.539,..,0.543,..,0.543,..,0.551,..,0.559,..,0.564,..,0.566,..,0.571,..,0.579,..,0.595,..,0.612,..,0.622,..,0.628,..,0.629,..,0.633,..,0.638,..,0.642,..,0.646,..,0.647,..,0.653,..,0.652,..,0.653,..
32,Cyprus,0.826,..,0.823,..,0.832,..,0.83,..,0.835,..,0.839,..,0.839,..,0.839,..,0.858,..,0.85,..,0.854,..,0.858,..,0.864,..,0.867,..,0.871,..,0.874,..,0.877,..,0.885,..,0.886,..,0.88,..,0.876,..,0.877,..,0.865,..,0.854,..,0.855,..,0.865,..,0.866,..,0.869,..
27,Czechia,0.801,..,0.783,..,0.782,..,0.781,..,0.786,..,0.794,..,0.799,..,0.798,..,0.798,..,0.8,..,0.806,..,0.81,..,0.811,..,0.817,..,0.822,..,0.831,..,0.839,..,0.845,..,0.848,..,0.839,..,0.841,..,0.844,..,0.844,..,0.844,..,0.846,..,0.854,..,0.859,..,0.865,..
170,Côte d'Ivoire,0.501,..,0.494,..,0.491,..,0.487,..,0.488,..,0.495,..,0.497,..,0.507,..,0.51,..,0.506,..,0.502,..,0.5,..,0.495,..,0.491,..,0.491,..,0.491,..,0.49,..,0.49,..,0.491,..,0.492,..,0.492,..,0.481,..,0.494,..,0.501,..,0.513,..,0.521,..,0.529,..,0.536,..
11,Denmark,0.876,..,0.877,..,0.88,..,0.881,..,0.888,..,0.893,..,0.896,..,0.9,..,0.903,..,0.907,..,0.911,..,0.912,..,0.913,..,0.914,..,0.919,..,0.923,..,0.928,..,0.928,..,0.927,..,0.919,..,0.922,..,0.924,..,0.924,..,0.926,..,0.928,..,0.929,..,0.93,..,0.932,..
172,Djibouti,0.455,..,0.447,..,0.452,..,0.459,..,0.452,..,0.459,..,0.447,..,0.45,..,0.445,..,0.448,..,0.447,..,0.446,..,0.447,..,0.458,..,0.462,..,0.464,..,0.482,..,0.486,..,0.489,..,0.491,..,0.493,..,0.497,..,0.502,..,0.507,..,0.513,..,0.52,..,0.527,..,0.532,..
103,Dominica,0.627,..,0.629,..,0.634,..,0.634,..,0.633,..,0.637,..,0.639,..,0.645,..,0.652,..,0.648,..,0.643,..,0.651,..,0.646,..,0.658,..,0.66,..,0.661,..,0.673,..,0.681,..,0.693,..,0.693,..,0.695,..,0.694,..,0.69,..,0.688,..,0.694,..,0.683,..,0.676,..,0.668,..
94,Dominican Republic,0.598,..,0.597,..,0.609,..,0.614,..,0.616,..,0.621,..,0.63,..,0.638,..,0.644,..,0.651,..,0.657,..,0.656,..,0.66,..,0.654,..,0.651,..,0.662,..,0.674,..,0.692,..,0.697,..,0.696,..,0.706,..,0.708,..,0.71,..,0.713,..,0.722,..,0.731,..,0.739,..,0.746,..
86,Ecuador,0.639,..,0.644,..,0.646,..,0.647,..,0.651,..,0.651,..,0.65,..,0.654,..,0.655,..,0.642,..,0.639,..,0.646,..,0.65,..,0.652,..,0.66,..,0.667,..,0.671,..,0.672,..,0.681,..,0.68,..,0.683,..,0.692,..,0.698,..,0.703,..,0.706,..,0.704,..,0.699,..,0.701,..
115,Egypt,0.612,..,0.613,..,0.616,..,0.617,..,0.621,..,0.626,..,0.631,..,0.637,..,0.641,..,0.646,..,0.651,..,0.654,..,0.653,..,0.655,..,0.658,..,0.662,..,0.67,..,0.678,..,0.686,..,0.689,..,0.691,..,0.689,..,0.689,..,0.689,..,0.69,..,0.694,..,0.698,..,0.701,..
121,El Salvador,0.572,..,0.574,..,0.586,..,0.595,..,0.603,..,0.61,..,0.611,..,0.616,..,0.62,..,0.622,..,0.624,..,0.626,..,0.628,..,0.629,..,0.632,..,0.637,..,0.643,..,0.648,..,0.652,..,0.644,..,0.645,..,0.647,..,0.645,..,0.646,..,0.649,..,0.653,..,0.655,..,0.639,..
141,Equatorial Guinea,0.364,..,0.365,..,0.408,..,0.413,..,0.407,..,0.412,..,0.481,..,0.626,..,0.642,..,0.678,..,0.679,..,0.727,..,0.683,..,0.726,..,0.677,..,0.807,..,0.843,..,0.861,..,0.858,..,0.858,..,0.812,..,0.816,..,0.827,..,0.822,..,0.819,..,0.824,..,0.81,..,0.797,..
179,Eritrea,0.331,..,0.347,..,0.364,..,0.384,..,0.413,..,0.419,..,0.428,..,0.438,..,0.439,..,0.436,..,0.426,..,0.434,..,0.432,..,0.423,..,0.42,..,0.42,..,0.415,..,0.414,..,0.396,..,0.398,..,0.399,..,0.409,..,0.416,..,0.418,..,0.422,..,0.426,..,0.428,..,0.432,..
30,Estonia,0.767,..,0.756,..,0.726,..,0.713,..,0.713,..,0.725,..,0.735,..,0.748,..,0.757,..,0.756,..,0.759,..,0.768,..,0.778,..,0.788,..,0.799,..,0.815,..,0.828,..,0.837,..,0.832,..,0.811,..,0.812,..,0.824,..,0.832,..,0.838,..,0.842,..,0.846,..,0.849,..,0.856,..
144,Eswatini (Kingdom of),0.61,..,0.609,..,0.611,..,0.609,..,0.602,..,0.615,..,0.622,..,0.624,..,0.618,..,0.622,..,0.617,..,0.624,..,0.62,..,0.622,..,0.629,..,0.645,..,0.644,..,0.649,..,0.645,..,0.642,..,0.64,..,0.648,..,0.652,..,0.661,..,0.66,..,0.659,..,0.656,..,0.655,..
173,Ethiopia,0.282,..,0.266,..,..,..,..,..,..,..,..,..,..,..,0.278,..,0.267,..,0.27,..,0.275,..,0.282,..,0.28,..,0.273,..,0.288,..,0.301,..,0.312,..,0.325,..,0.336,..,0.345,..,0.358,..,0.37,..,0.379,..,0.39,..,0.401,..,0.412,..,0.419,..,0.43,..
92,Fiji,0.617,..,0.616,..,0.615,..,0.613,..,0.617,..,0.623,..,0.628,..,0.623,..,0.621,..,0.632,..,0.635,..,0.645,..,0.648,..,0.651,..,0.662,..,0.648,..,0.647,..,0.646,..,0.646,..,0.646,..,0.645,..,0.647,..,0.647,..,0.656,..,0.658,..,0.665,..,0.663,..,0.668,..
15,Finland,0.852,..,0.841,..,0.833,..,0.83,..,0.837,..,0.844,..,0.85,..,0.86,..,0.867,..,0.875,..,0.883,..,0.888,..,0.891,..,0.892,..,0.899,..,0.902,..,0.909,..,0.915,..,0.915,..,0.903,..,0.907,..,0.908,..,0.906,..,0.903,..,0.903,..,0.902,..,0.905,..,0.909,..
24,France,0.86,..,0.861,..,0.863,..,0.862,..,0.864,..,0.867,..,0.869,..,0.873,..,0.877,..,0.883,..,0.887,..,0.889,..,0.888,..,0.889,..,0.892,..,0.894,..,0.897,..,0.9,..,0.899,..,0.893,..,0.896,..,0.899,..,0.897,..,0.897,..,0.898,..,0.899,..,0.9,..,0.902,..
110,Gabon,0.795,..,0.8,..,0.788,..,0.788,..,0.793,..,0.795,..,0.796,..,0.8,..,0.807,..,0.786,..,0.767,..,0.776,..,0.777,..,0.774,..,0.761,..,0.768,..,0.752,..,0.752,..,0.74,..,0.747,..,0.745,..,0.743,..,0.756,..,0.762,..,0.776,..,0.771,..,0.772,..,0.771,..
174,Gambia,0.408,..,0.408,..,0.409,..,0.407,..,0.403,..,0.401,..,0.403,..,0.398,..,0.399,..,0.404,..,0.408,..,0.411,..,0.405,..,0.405,..,0.413,..,0.407,..,0.403,..,0.405,..,0.409,..,0.413,..,0.418,..,0.406,..,0.41,..,0.414,..,0.41,..,0.411,..,0.41,..,0.411,..
70,Georgia,0.654,..,0.619,..,0.541,..,0.48,..,0.467,..,0.472,..,0.49,..,0.516,..,0.525,..,0.53,..,0.533,..,0.537,..,0.547,..,0.564,..,0.576,..,0.59,..,0.607,..,0.624,..,0.626,..,0.623,..,0.631,..,0.644,..,0.658,..,0.664,..,0.674,..,0.676,..,0.676,..,0.683,..
5,Germany,0.87,..,0.876,..,0.877,..,0.875,..,0.877,..,0.879,..,0.88,..,0.882,..,0.884,..,0.887,..,0.891,..,0.893,..,0.893,..,0.892,..,0.896,..,0.898,..,0.904,..,0.909,..,0.91,..,0.904,..,0.91,..,0.919,..,0.919,..,0.919,..,0.921,..,0.922,..,0.924,..,0.927,..
140,Ghana,0.445,..,0.448,..,0.45,..,0.453,..,0.453,..,0.455,..,0.458,..,0.461,..,0.464,..,0.467,..,0.468,..,0.472,..,0.475,..,0.479,..,0.483,..,0.49,..,0.493,..,0.496,..,0.505,..,0.509,..,0.514,..,0.528,..,0.535,..,0.545,..,0.545,..,0.552,..,0.553,..,0.561,..
31,Greece,0.808,..,0.812,..,0.812,..,0.808,..,0.811,..,0.813,..,0.816,..,0.822,..,0.827,..,0.829,..,0.834,..,0.839,..,0.844,..,0.851,..,0.858,..,0.858,..,0.864,..,0.868,..,0.866,..,0.86,..,0.852,..,0.837,..,0.831,..,0.826,..,0.829,..,0.829,..,0.83,..,0.832,..
75,Grenada,0.638,..,0.644,..,0.643,..,0.636,..,0.638,..,0.638,..,0.644,..,0.65,..,0.665,..,0.675,..,0.68,..,0.674,..,0.678,..,0.691,..,0.686,..,0.716,..,0.709,..,0.715,..,0.717,..,0.701,..,0.704,..,0.707,..,0.704,..,0.708,..,0.718,..,0.727,..,0.729,..,0.734,..
127,Guatemala,0.591,..,0.594,..,0.598,..,0.6,..,0.602,..,0.606,..,0.607,..,0.61,..,0.615,..,0.617,..,0.618,..,0.62,..,0.62,..,0.621,..,0.621,..,0.622,..,0.626,..,0.632,..,0.633,..,0.63,..,0.631,..,0.633,..,0.636,..,0.638,..,0.641,..,0.644,..,0.646,..,0.648,..
175,Guinea,0.377,..,0.372,..,0.37,..,0.372,..,0.37,..,0.371,..,0.373,..,0.376,..,0.379,..,0.385,..,0.386,..,0.388,..,0.396,..,0.398,..,0.398,..,0.4,..,0.396,..,0.406,..,0.407,..,0.402,..,0.406,..,0.411,..,0.418,..,0.42,..,0.422,..,0.425,..,0.435,..,0.457,..
177,Guinea-Bissau,0.392,..,0.389,..,0.391,..,0.39,..,0.391,..,0.392,..,0.395,..,0.404,..,0.371,..,0.388,..,0.39,..,0.389,..,0.387,..,0.384,..,0.386,..,0.389,..,0.39,..,0.392,..,0.392,..,0.394,..,0.398,..,0.407,..,0.401,..,0.398,..,0.404,..,0.408,..,0.413,..,0.414,..
125,Guyana,0.461,..,0.443,..,0.475,..,0.505,..,0.525,..,0.534,..,0.556,..,0.562,..,0.563,..,0.565,..,0.569,..,0.571,..,0.572,..,0.573,..,0.581,..,0.581,..,0.585,..,0.597,..,0.602,..,0.607,..,0.615,..,0.621,..,0.629,..,0.634,..,0.639,..,0.648,..,0.648,..,0.651,..
168,Haiti,0.445,..,0.433,..,0.412,..,0.425,..,0.422,..,0.415,..,0.43,..,0.431,..,0.431,..,0.433,..,0.432,..,0.427,..,0.423,..,0.421,..,0.414,..,0.413,..,0.416,..,0.419,..,0.418,..,0.42,..,0.41,..,0.416,..,0.419,..,0.422,..,0.425,..,0.424,..,0.426,..,0.425,..
133,Honduras,0.508,..,0.508,..,0.511,..,0.522,..,0.516,..,0.515,..,0.517,..,0.524,..,0.525,..,0.52,..,0.524,..,0.524,..,0.525,..,0.527,..,0.532,..,0.538,..,0.544,..,0.552,..,0.555,..,0.547,..,0.549,..,0.55,..,0.552,..,0.553,..,0.553,..,0.558,..,0.561,..,0.565,..
7,"Hong Kong, China (SAR)",0.841,..,0.847,..,0.855,..,0.868,..,0.873,..,0.875,..,0.871,..,0.879,..,0.872,..,0.874,..,0.882,..,0.884,..,0.883,..,0.891,..,0.902,..,0.909,..,0.921,..,0.931,..,0.937,..,0.929,..,0.936,..,0.943,..,0.942,..,0.947,..,0.95,..,0.952,..,0.955,..,0.962,..
45,Hungary,0.768,..,0.747,..,..,..,0.748,..,0.753,..,0.754,..,0.754,..,0.757,..,0.763,..,0.768,..,0.776,..,0.782,..,0.788,..,0.795,..,0.802,..,0.809,..,0.815,..,0.814,..,0.816,..,0.808,..,0.809,..,0.812,..,0.812,..,0.817,..,0.822,..,0.826,..,0.83,..,0.836,..
6,Iceland,0.85,..,0.85,..,0.844,..,0.844,..,0.847,..,0.846,..,0.852,..,0.859,..,0.867,..,0.872,..,0.875,..,0.88,..,0.885,..,0.886,..,0.892,..,0.896,..,0.897,..,0.909,..,0.882,..,0.876,..,0.874,..,0.883,..,0.89,..,0.907,..,0.908,..,0.914,..,0.923,..,0.926,..
130,India,0.431,..,0.429,..,0.434,..,0.438,..,0.445,..,0.454,..,0.462,..,0.465,..,0.472,..,0.482,..,0.484,..,0.489,..,0.493,..,0.501,..,0.51,..,0.521,..,0.532,..,0.545,..,0.548,..,0.558,..,0.57,..,0.578,..,0.584,..,0.591,..,0.6,..,0.61,..,0.619,..,0.627,..
116,Indonesia,0.568,..,0.578,..,0.586,..,0.595,..,0.606,..,0.615,..,0.624,..,0.629,..,0.601,..,0.598,..,0.603,..,0.611,..,0.617,..,0.621,..,0.625,..,0.631,..,0.638,..,0.645,..,0.653,..,0.658,..,0.666,..,0.673,..,0.68,..,0.686,..,0.691,..,0.696,..,0.702,..,0.708,..
60,Iran (Islamic Republic of),0.716,..,0.73,..,0.732,..,0.732,..,0.726,..,0.73,..,0.732,..,0.731,..,0.733,..,0.73,..,0.737,..,0.736,..,0.745,..,0.756,..,0.76,..,0.763,..,0.769,..,0.779,..,0.778,..,0.777,..,0.784,..,0.786,..,0.773,..,0.771,..,0.776,..,0.772,..,0.789,..,0.794,..
120,Iraq,0.706,..,0.539,..,0.571,..,0.627,..,0.615,..,0.58,..,0.636,..,0.661,..,0.702,..,0.721,..,0.721,..,0.72,..,0.703,..,0.641,..,0.703,..,0.708,..,0.718,..,0.717,..,0.729,..,0.729,..,0.73,..,0.738,..,0.752,..,0.781,..,0.776,..,0.777,..,0.788,..,0.783,..
4,Ireland,0.799,..,0.802,..,0.804,..,0.808,..,0.817,..,0.827,..,0.839,..,0.849,..,0.859,..,0.868,..,0.88,..,0.882,..,0.886,..,0.893,..,0.901,..,0.907,..,0.913,..,0.914,..,0.906,..,0.891,..,0.894,..,0.893,..,0.893,..,0.901,..,0.913,..,0.934,..,0.94,..,0.95,..
22,Israel,0.799,..,0.802,..,0.808,..,0.81,..,0.817,..,0.823,..,0.826,..,0.827,..,0.83,..,0.83,..,0.835,..,0.835,..,0.833,..,0.831,..,0.836,..,0.843,..,0.849,..,0.855,..,0.854,..,0.852,..,0.857,..,0.862,..,0.861,..,0.865,..,0.869,..,0.87,..,0.873,..,0.875,..
28,Italy,0.865,..,0.867,..,0.868,..,0.867,..,0.87,..,0.875,..,0.877,..,0.881,..,0.883,..,0.886,..,0.891,..,0.893,..,0.893,..,0.893,..,0.895,..,0.896,..,0.899,..,0.9,..,0.896,..,0.888,..,0.89,..,0.89,..,0.886,..,0.881,..,0.88,..,0.881,..,0.884,..,0.886,..
97,Jamaica,0.636,..,0.635,..,0.646,..,0.666,..,0.665,..,0.662,..,0.665,..,0.663,..,0.656,..,0.656,..,0.656,..,0.656,..,0.653,..,0.658,..,0.66,..,0.66,..,0.665,..,0.666,..,0.666,..,0.656,..,0.656,..,0.659,..,0.66,..,0.659,..,0.66,..,0.659,..,0.659,..,0.659,..
19,Japan,0.866,..,0.87,..,0.871,..,0.87,..,0.871,..,0.875,..,0.879,..,0.881,..,0.879,..,0.878,..,0.882,..,0.883,..,0.882,..,0.884,..,0.888,..,0.891,..,0.894,..,0.897,..,0.894,..,0.886,..,0.892,..,0.892,..,0.895,..,0.899,..,0.9,..,0.902,..,0.898,..,0.901,..
95,Jordan,0.617,..,0.607,..,0.628,..,0.628,..,0.628,..,0.633,..,0.631,..,0.635,..,0.638,..,0.64,..,0.648,..,0.654,..,0.658,..,0.662,..,0.672,..,0.68,..,0.686,..,0.692,..,0.694,..,0.694,..,0.686,..,0.682,..,0.677,..,0.674,..,0.672,..,0.669,..,0.668,..,0.667,..
58,Kazakhstan,0.744,..,0.726,..,..,..,0.704,..,0.686,..,0.675,..,0.678,..,0.682,..,0.682,..,0.685,..,0.694,..,0.716,..,0.731,..,0.742,..,0.753,..,0.761,..,0.769,..,0.778,..,0.775,..,0.782,..,0.784,..,0.786,..,0.794,..,0.808,..,0.813,..,0.823,..,0.815,..,0.819,..
142,Kenya,0.473,..,0.47,..,0.464,..,0.457,..,0.458,..,0.462,..,0.466,..,0.464,..,0.465,..,0.463,..,0.461,..,0.462,..,0.459,..,0.459,..,0.463,..,0.469,..,0.473,..,0.479,..,0.476,..,0.477,..,0.484,..,0.49,..,0.492,..,0.495,..,0.499,..,0.504,..,0.509,..,0.512,..
134,Kiribati,0.464,..,0.461,..,0.454,..,0.447,..,0.45,..,0.46,..,0.435,..,0.47,..,0.492,..,0.483,..,0.481,..,0.48,..,0.478,..,0.465,..,0.461,..,0.498,..,0.492,..,0.494,..,0.492,..,0.482,..,0.486,..,0.477,..,0.494,..,0.514,..,0.532,..,0.545,..,0.514,..,0.516,..
22,Korea (Republic of),0.718,..,0.732,..,0.739,..,0.747,..,0.759,..,0.771,..,0.781,..,0.788,..,0.777,..,0.792,..,0.805,..,0.81,..,0.821,..,0.824,..,0.831,..,0.836,..,0.843,..,0.851,..,0.854,..,0.854,..,0.864,..,0.869,..,0.872,..,0.875,..,0.878,..,0.882,..,0.885,..,0.889,..
56,Kuwait,0.949,..,0.882,..,0.957,..,0.998,..,1,..,1,..,1,..,1,..,1,..,1,..,1,..,1,..,0.999,..,1,..,1,..,1,..,1,..,1,..,1,..,1,..,1,..,1,..,1,..,1,..,1,..,0.997,..,0.998,..,0.991,..
122,Kyrgyzstan,0.534,..,0.519,..,0.494,..,0.469,..,0.433,..,0.422,..,0.43,..,0.44,..,0.44,..,0.441,..,0.447,..,0.457,..,0.456,..,0.465,..,0.471,..,0.471,..,0.476,..,0.488,..,0.495,..,0.498,..,0.492,..,0.493,..,0.501,..,0.51,..,0.515,..,0.518,..,0.519,..,0.526,..
139,Lao People's Democratic Republic,0.431,..,0.433,..,0.437,..,0.442,..,0.449,..,0.456,..,0.463,..,0.467,..,0.469,..,0.479,..,0.481,..,0.487,..,0.494,..,0.498,..,0.506,..,0.517,..,0.521,..,0.533,..,0.54,..,0.552,..,0.556,..,0.564,..,0.576,..,0.587,..,0.597,..,0.606,..,0.614,..,0.62,..
41,Latvia,0.767,..,0.751,..,0.686,..,0.663,..,0.666,..,0.668,..,0.673,..,0.688,..,0.699,..,0.702,..,0.712,..,0.724,..,0.736,..,0.749,..,0.76,..,0.779,..,0.795,..,0.81,..,0.809,..,0.8,..,0.788,..,0.799,..,0.805,..,0.811,..,0.815,..,0.821,..,0.826,..,0.834,..
80,Lebanon,0.679,..,0.717,..,0.706,..,0.708,..,0.727,..,0.735,..,0.739,..,0.733,..,0.736,..,0.733,..,0.733,..,0.729,..,0.72,..,0.695,..,0.721,..,0.725,..,0.727,..,0.743,..,0.755,..,0.764,..,0.769,..,0.763,..,0.757,..,0.75,..,0.743,..,0.737,..,0.735,..,0.74,..
159,Lesotho,0.497,..,0.49,..,0.49,..,0.49,..,0.488,..,0.488,..,0.493,..,0.5,..,0.522,..,0.522,..,0.517,..,0.514,..,0.515,..,0.519,..,0.516,..,0.508,..,0.507,..,0.507,..,0.513,..,0.508,..,0.513,..,0.512,..,0.514,..,0.513,..,0.512,..,0.516,..,0.52,..,0.526,..
181,Liberia,0.305,..,0.284,..,0.222,..,0.163,..,0.125,..,0.114,..,0.123,..,0.221,..,0.25,..,0.244,..,0.284,..,0.263,..,0.254,..,0.181,..,0.244,..,0.248,..,0.251,..,0.266,..,0.269,..,0.274,..,0.275,..,0.288,..,0.287,..,0.296,..,0.294,..,0.293,..,0.287,..,0.287,..
108,Libya,0.804,..,0.823,..,0.815,..,0.806,..,0.806,..,0.799,..,0.8,..,0.805,..,0.798,..,0.796,..,0.797,..,0.796,..,0.792,..,0.809,..,0.809,..,0.822,..,0.833,..,0.837,..,0.855,..,0.853,..,0.856,..,0.713,..,0.831,..,0.723,..,0.686,..,0.682,..,0.678,..,0.711,..
17,Liechtenstein,1,..,1,..,1,..,1,..,1,..,1,..,1,..,1,..,1,..,1,..,1,..,1,..,1,..,1,..,1,..,1,..,1,..,1,..,1,..,1,..,1,..,1,..,1,..,1,..,1,..,1,..,1,..,1,..
35,Lithuania,0.766,..,0.758,..,0.722,..,0.696,..,0.681,..,0.686,..,0.693,..,0.705,..,0.716,..,0.715,..,0.722,..,0.734,..,0.746,..,0.759,..,0.772,..,0.787,..,0.799,..,0.814,..,0.82,..,0.805,..,0.805,..,0.815,..,0.824,..,0.831,..,0.839,..,0.84,..,0.845,..,0.853,..
21,Luxembourg,0.938,..,0.948,..,0.949,..,0.949,..,0.948,..,0.953,..,0.953,..,0.963,..,0.966,..,0.973,..,0.983,..,0.989,..,0.979,..,0.969,..,0.985,..,0.994,..,0.99,..,1,..,1,..,0.962,..,0.971,..,0.976,..,0.972,..,0.968,..,0.968,..,0.973,..,0.979,..,0.978,..
161,Madagascar,0.418,..,0.4,..,0.4,..,0.4,..,0.394,..,0.391,..,0.391,..,0.394,..,0.396,..,0.399,..,0.401,..,0.405,..,0.38,..,0.39,..,0.392,..,0.395,..,0.398,..,0.404,..,0.411,..,0.399,..,0.395,..,0.393,..,0.39,..,0.39,..,0.391,..,0.39,..,0.392,..,0.394,..
171,Malawi,0.414,..,0.425,..,0.403,..,0.417,..,0.406,..,0.4,..,0.366,..,0.421,..,0.416,..,0.415,..,0.413,..,0.4,..,0.311,..,0.315,..,0.319,..,0.32,..,0.323,..,0.333,..,0.339,..,0.346,..,0.35,..,0.353,..,0.35,..,0.352,..,0.356,..,0.356,..,0.356,..,0.357,..
57,Malaysia,0.698,..,0.707,..,0.715,..,0.727,..,0.736,..,0.746,..,0.757,..,0.763,..,0.747,..,0.75,..,0.758,..,0.757,..,0.762,..,0.769,..,0.777,..,0.783,..,0.79,..,0.798,..,0.801,..,0.797,..,0.804,..,0.81,..,0.813,..,0.818,..,0.824,..,0.83,..,0.834,..,0.841,..
101,Maldives,0.6,..,0.607,..,0.612,..,0.617,..,0.623,..,0.63,..,0.644,..,0.655,..,0.659,..,0.667,..,0.672,..,0.662,..,0.671,..,0.685,..,0.691,..,0.669,..,0.699,..,0.705,..,0.715,..,0.7,..,0.707,..,0.714,..,0.714,..,0.72,..,0.727,..,0.726,..,0.732,..,0.742,..
182,Mali,0.384,..,0.398,..,0.389,..,0.39,..,0.39,..,0.387,..,0.393,..,0.396,..,0.403,..,0.408,..,0.404,..,0.416,..,0.414,..,0.427,..,0.424,..,0.429,..,0.43,..,0.432,..,0.434,..,0.436,..,0.437,..,0.437,..,0.431,..,0.432,..,0.437,..,0.442,..,0.445,..,0.449,..
29,Malta,0.778,..,0.784,..,0.788,..,0.792,..,0.796,..,0.803,..,0.806,..,0.812,..,0.816,..,0.825,..,0.829,..,0.833,..,0.836,..,0.837,..,0.837,..,0.837,..,0.839,..,0.845,..,0.85,..,0.838,..,0.845,..,0.85,..,0.851,..,0.855,..,0.863,..,0.875,..,0.876,..,0.882,..
106,Marshall Islands,0.543,..,0.539,..,0.547,..,0.553,..,0.56,..,0.571,..,0.554,..,0.544,..,0.544,..,0.545,..,0.553,..,0.561,..,0.561,..,0.56,..,0.56,..,0.566,..,0.566,..,0.571,..,0.566,..,0.563,..,0.565,..,0.567,..,0.566,..,0.574,..,0.58,..,0.59,..,0.591,..,0.595,..
159,Mauritania,0.497,..,0.498,..,0.497,..,0.501,..,0.492,..,0.501,..,0.515,..,0.503,..,0.503,..,0.509,..,0.503,..,0.495,..,0.512,..,0.507,..,0.511,..,0.519,..,0.532,..,0.533,..,0.533,..,0.53,..,0.528,..,0.527,..,0.53,..,0.536,..,0.541,..,0.537,..,0.538,..,0.541,..
65,Mauritius,0.649,..,0.655,..,0.663,..,0.668,..,0.671,..,0.676,..,0.682,..,0.69,..,0.697,..,0.699,..,0.71,..,0.714,..,0.716,..,0.719,..,0.727,..,0.733,..,0.741,..,0.752,..,0.758,..,0.759,..,0.768,..,0.772,..,0.777,..,0.782,..,0.783,..,0.79,..,0.796,..,0.802,..
74,Mexico,0.732,..,0.736,..,0.738,..,0.742,..,0.745,..,0.724,..,0.734,..,0.741,..,0.746,..,0.75,..,0.755,..,0.752,..,0.75,..,0.754,..,0.759,..,0.76,..,0.764,..,0.769,..,0.769,..,0.759,..,0.764,..,0.766,..,0.768,..,0.767,..,0.769,..,0.772,..,0.772,..,0.775,..
131,Micronesia (Federated States of),0.524,..,0.527,..,0.524,..,0.525,..,0.522,..,0.528,..,0.521,..,0.507,..,0.51,..,0.516,..,0.524,..,0.526,..,0.526,..,0.529,..,0.527,..,0.531,..,0.532,..,0.531,..,0.526,..,0.533,..,0.533,..,0.538,..,0.537,..,0.536,..,0.532,..,0.553,..,0.549,..,0.551,..
112,Moldova (Republic of),0.63,..,0.601,..,0.547,..,0.546,..,0.491,..,0.49,..,0.488,..,0.49,..,0.48,..,0.475,..,0.478,..,0.494,..,0.506,..,0.523,..,0.536,..,0.546,..,0.553,..,0.554,..,0.566,..,0.552,..,0.566,..,0.576,..,0.579,..,0.592,..,0.598,..,0.593,..,0.6,..,0.607,..
92,Mongolia,0.582,..,0.575,..,0.561,..,0.549,..,0.557,..,0.569,..,0.571,..,0.575,..,0.581,..,0.584,..,0.58,..,0.582,..,0.589,..,0.596,..,0.615,..,0.619,..,0.63,..,0.641,..,0.651,..,0.645,..,0.644,..,0.665,..,0.68,..,0.698,..,0.702,..,0.703,..,0.705,..,0.697,..
50,Montenegro,0.752,..,0.734,..,0.694,..,0.625,..,0.627,..,0.647,..,0.684,..,0.694,..,0.701,..,0.688,..,0.709,..,0.711,..,0.714,..,0.717,..,0.722,..,0.722,..,0.735,..,0.744,..,0.755,..,0.743,..,0.746,..,0.753,..,0.75,..,0.755,..,0.757,..,0.764,..,0.766,..,0.774,..
123,Morocco,0.549,..,0.557,..,0.551,..,0.547,..,0.56,..,0.549,..,0.566,..,0.561,..,0.571,..,0.571,..,0.571,..,0.58,..,0.584,..,0.591,..,0.597,..,0.601,..,0.61,..,0.614,..,0.621,..,0.623,..,0.627,..,0.632,..,0.634,..,0.64,..,0.64,..,0.645,..,0.645,..,0.649,..
180,Mozambique,0.196,..,0.199,..,0.182,..,0.19,..,0.193,..,0.194,..,0.227,..,0.239,..,0.252,..,0.262,..,0.256,..,0.269,..,0.265,..,0.283,..,0.288,..,0.296,..,0.301,..,0.309,..,0.316,..,0.325,..,0.33,..,0.339,..,0.346,..,0.352,..,0.357,..,0.361,..,0.362,..,0.361,..
148,Myanmar,0.308,..,0.305,..,0.317,..,0.324,..,0.333,..,0.342,..,0.349,..,0.356,..,0.356,..,0.37,..,0.387,..,0.402,..,0.417,..,0.436,..,0.453,..,0.471,..,0.489,..,0.505,..,0.519,..,0.533,..,0.546,..,0.553,..,0.563,..,0.573,..,0.583,..,0.592,..,0.599,..,0.607,..
129,Namibia,0.613,..,0.622,..,0.624,..,0.619,..,0.617,..,0.622,..,0.619,..,0.62,..,0.621,..,0.619,..,0.622,..,0.62,..,0.627,..,0.636,..,0.647,..,0.645,..,0.655,..,0.661,..,0.663,..,0.661,..,0.665,..,0.671,..,0.673,..,0.683,..,0.689,..,0.695,..,0.689,..,0.686,..
n.a,Nauru,0.829,..,0.794,..,..,..,..,..,..,..,..,..,..,..,..,..,..,..,..,..,0.64,..,0.624,..,0.61,..,0.619,..,0.591,..,0.601,..,0.524,..,0.562,..,0.655,..,0.623,..,0.651,..,0.665,..,0.693,..,0.732,..,0.774,..,0.776,..,0.79,..,0.789,..
149,Nepal,0.371,..,0.377,..,0.379,..,0.38,..,0.388,..,0.39,..,0.393,..,0.398,..,0.4,..,0.405,..,0.412,..,0.418,..,0.415,..,0.418,..,0.423,..,0.427,..,0.431,..,0.435,..,0.442,..,0.448,..,0.453,..,0.456,..,0.461,..,0.466,..,0.474,..,0.477,..,0.476,..,0.484,..
10,Netherlands,0.871,..,0.874,..,0.875,..,0.877,..,0.881,..,0.886,..,0.891,..,0.895,..,0.899,..,0.908,..,0.914,..,0.912,..,0.912,..,0.914,..,0.917,..,0.917,..,0.925,..,0.929,..,0.927,..,0.923,..,0.926,..,0.929,..,0.927,..,0.926,..,0.925,..,0.927,..,0.928,..,0.932,..
16,New Zealand,0.815,..,0.807,..,0.807,..,0.813,..,0.819,..,0.824,..,0.825,..,0.83,..,0.833,..,0.838,..,0.841,..,0.846,..,0.851,..,0.855,..,0.856,..,0.858,..,0.86,..,0.863,..,0.86,..,0.866,..,0.864,..,0.868,..,0.871,..,0.873,..,0.876,..,0.879,..,0.879,..,0.88,..
124,Nicaragua,0.493,..,0.49,..,0.49,..,0.483,..,0.483,..,0.495,..,0.504,..,0.51,..,0.517,..,0.525,..,0.529,..,0.53,..,0.53,..,0.532,..,0.539,..,0.545,..,0.547,..,0.554,..,0.56,..,0.553,..,0.558,..,0.566,..,0.573,..,0.579,..,0.584,..,0.591,..,0.595,..,0.596,..
189,Niger,0.315,..,0.313,..,0.307,..,0.305,..,0.302,..,0.301,..,0.305,..,0.3,..,0.313,..,0.309,..,0.3,..,0.305,..,0.307,..,0.307,..,0.301,..,0.307,..,0.31,..,0.309,..,0.317,..,0.309,..,0.316,..,0.313,..,0.323,..,0.324,..,0.33,..,0.33,..,0.331,..,0.333,..
157,Nigeria,0.503,..,0.498,..,0.493,..,0.487,..,0.489,..,0.49,..,0.495,..,0.496,..,0.495,..,0.496,..,0.483,..,0.494,..,0.495,..,0.504,..,0.545,..,0.544,..,0.566,..,0.565,..,0.57,..,0.574,..,0.587,..,0.59,..,0.593,..,0.597,..,0.605,..,0.606,..,0.6,..,0.598,..
1,Norway,0.911,..,0.915,..,0.921,..,0.924,..,0.931,..,0.937,..,0.944,..,0.951,..,0.954,..,0.956,..,0.959,..,0.964,..,0.965,..,0.966,..,0.97,..,0.975,..,0.976,..,0.978,..,0.976,..,0.974,..,0.973,..,0.973,..,0.975,..,0.975,..,0.98,..,0.983,..,0.984,..,0.985,..
48,Oman,0.887,..,0.889,..,0.892,..,0.896,..,0.895,..,0.899,..,0.901,..,0.909,..,0.911,..,0.909,..,0.917,..,0.922,..,0.916,..,0.911,..,0.91,..,0.907,..,0.9,..,0.914,..,0.917,..,0.918,..,0.916,..,0.903,..,0.907,..,0.906,..,0.899,..,0.901,..,0.898,..,0.89,..
150,Pakistan,0.523,..,0.524,..,0.529,..,0.527,..,0.528,..,0.532,..,0.534,..,0.531,..,0.531,..,0.533,..,0.535,..,0.535,..,0.539,..,0.547,..,0.553,..,0.561,..,0.567,..,0.57,..,0.57,..,0.572,..,0.573,..,0.575,..,0.578,..,0.581,..,0.586,..,0.59,..,0.596,..,0.6,..
60,Palau,0.736,..,0.748,..,0.734,..,0.716,..,0.722,..,0.727,..,0.732,..,0.729,..,0.724,..,0.719,..,0.737,..,0.739,..,0.743,..,0.746,..,0.748,..,0.747,..,0.742,..,0.74,..,0.727,..,0.724,..,0.721,..,0.729,..,0.733,..,0.727,..,0.731,..,0.74,..,0.741,..,0.733,..
119,"Palestine, State of",0.508,..,0.494,..,0.521,..,0.529,..,0.517,..,0.521,..,0.524,..,0.551,..,0.587,..,0.608,..,0.582,..,0.562,..,0.554,..,0.564,..,0.571,..,0.586,..,0.577,..,0.572,..,0.556,..,0.574,..,0.573,..,0.581,..,0.597,..,0.588,..,0.585,..,0.601,..,0.603,..,0.593,..
66,Panama,0.654,..,0.66,..,0.671,..,0.679,..,0.682,..,0.679,..,0.683,..,0.687,..,0.695,..,0.695,..,0.699,..,0.696,..,0.702,..,0.7,..,0.706,..,0.713,..,0.723,..,0.736,..,0.748,..,0.747,..,0.748,..,0.767,..,0.778,..,0.784,..,0.79,..,0.786,..,0.789,..,0.794,..
153,Papua New Guinea,0.442,..,0.453,..,0.47,..,0.496,..,0.524,..,0.512,..,0.516,..,0.503,..,0.506,..,0.505,..,0.498,..,0.494,..,0.494,..,0.497,..,0.482,..,0.483,..,0.477,..,0.499,..,0.497,..,0.5,..,0.507,..,0.512,..,0.514,..,0.517,..,0.527,..,0.531,..,0.533,..,0.533,..
110,Paraguay,0.613,..,0.612,..,0.609,..,0.611,..,0.613,..,0.618,..,0.625,..,0.623,..,0.62,..,0.614,..,0.6,..,0.597,..,0.597,..,0.586,..,0.593,..,0.595,..,0.606,..,0.621,..,0.63,..,0.619,..,0.637,..,0.644,..,0.638,..,0.657,..,0.664,..,0.666,..,0.67,..,0.669,..
89,Peru,0.592,..,0.596,..,0.592,..,0.596,..,0.611,..,0.619,..,0.622,..,0.63,..,0.628,..,0.628,..,0.63,..,0.629,..,0.635,..,0.638,..,0.64,..,0.646,..,0.651,..,0.662,..,0.675,..,0.676,..,0.684,..,0.691,..,0.7,..,0.709,..,0.711,..,0.716,..,0.719,..,0.721,..
113,Philippines,0.556,..,0.553,..,0.552,..,0.552,..,0.557,..,0.561,..,0.567,..,0.574,..,0.581,..,0.582,..,0.59,..,0.592,..,0.595,..,0.599,..,0.605,..,0.61,..,0.614,..,0.62,..,0.624,..,0.629,..,0.636,..,0.638,..,0.646,..,0.656,..,0.662,..,0.668,..,0.675,..,0.682,..
33,Poland,0.695,..,0.683,..,0.685,..,0.691,..,0.703,..,0.712,..,0.722,..,0.731,..,0.738,..,0.745,..,0.753,..,0.755,..,0.759,..,0.763,..,0.767,..,0.775,..,0.783,..,0.792,..,0.8,..,0.803,..,0.808,..,0.815,..,0.818,..,0.82,..,0.825,..,0.83,..,0.834,..,0.841,..
41,Portugal,0.801,..,0.808,..,0.811,..,0.808,..,0.808,..,0.815,..,0.819,..,0.824,..,0.83,..,0.835,..,0.837,..,0.839,..,0.839,..,0.838,..,0.84,..,0.841,..,0.841,..,0.844,..,0.843,..,0.839,..,0.842,..,0.842,..,0.835,..,0.836,..,0.837,..,0.839,..,0.843,..,0.847,..
37,Qatar,0.999,..,0.993,..,1,..,1,..,1,..,1,..,1,..,1,..,1,..,1,..,1,..,1,..,1,..,1,..,1,..,1,..,1,..,1,..,1,..,1,..,1,..,1,..,1,..,1,..,1,..,1,..,1,..,1,..
52,Romania,0.716,..,0.696,..,0.683,..,0.686,..,0.692,..,0.702,..,0.708,..,0.701,..,0.698,..,0.697,..,0.702,..,0.712,..,0.722,..,0.729,..,0.74,..,0.748,..,0.76,..,0.772,..,0.788,..,0.782,..,0.778,..,0.782,..,0.784,..,0.789,..,0.796,..,0.801,..,0.808,..,0.819,..
49,Russian Federation,0.805,..,0.797,..,0.772,..,0.759,..,0.739,..,0.732,..,0.726,..,0.728,..,0.716,..,0.726,..,0.743,..,0.754,..,0.761,..,0.77,..,0.782,..,0.792,..,0.803,..,0.817,..,0.824,..,0.811,..,0.818,..,0.825,..,0.83,..,0.832,..,0.831,..,0.827,..,0.827,..,0.829,..
158,Rwanda,0.327,..,0.327,..,0.343,..,0.339,..,0.241,..,0.29,..,0.302,..,0.312,..,0.312,..,0.308,..,0.311,..,0.317,..,0.333,..,0.333,..,0.341,..,0.353,..,0.363,..,0.371,..,0.382,..,0.387,..,0.394,..,0.401,..,0.409,..,0.412,..,0.418,..,0.427,..,0.432,..,0.438,..
72,Saint Kitts and Nevis,0.746,..,0.744,..,0.749,..,0.757,..,0.764,..,0.766,..,0.771,..,0.779,..,0.776,..,0.778,..,0.792,..,0.797,..,0.799,..,0.789,..,0.794,..,0.806,..,0.809,..,0.808,..,0.816,..,0.809,..,0.805,..,0.807,..,0.806,..,0.814,..,0.82,..,0.825,..,0.827,..,0.828,..
90,Saint Lucia,0.687,..,0.685,..,0.696,..,0.693,..,0.694,..,0.693,..,0.701,..,0.698,..,0.706,..,0.71,..,0.708,..,0.697,..,0.7,..,0.703,..,0.71,..,0.708,..,0.72,..,0.721,..,0.726,..,0.729,..,0.723,..,0.722,..,0.715,..,0.713,..,0.713,..,0.716,..,0.716,..,0.719,..
99,Saint Vincent and the Grenadines,0.604,..,0.604,..,0.614,..,0.619,..,0.613,..,0.625,..,0.628,..,0.631,..,0.638,..,0.643,..,0.646,..,0.65,..,0.659,..,0.668,..,0.673,..,0.677,..,0.689,..,0.696,..,0.698,..,0.697,..,0.692,..,0.691,..,0.695,..,0.699,..,0.7,..,0.699,..,0.701,..,0.703,..
104,Samoa,0.598,..,0.592,..,0.585,..,0.592,..,0.527,..,0.536,..,0.552,..,0.552,..,0.556,..,0.559,..,0.569,..,0.58,..,0.584,..,0.585,..,0.594,..,0.595,..,0.591,..,0.6,..,0.6,..,0.595,..,0.602,..,0.604,..,0.598,..,0.598,..,0.601,..,0.607,..,0.613,..,0.616,..
143,Sao Tome and Principe,0.446,..,0.441,..,0.438,..,0.436,..,0.437,..,0.435,..,0.437,..,0.435,..,0.434,..,0.439,..,0.439,..,0.447,..,0.447,..,0.456,..,0.458,..,0.465,..,0.482,..,0.484,..,0.488,..,0.488,..,0.495,..,0.498,..,0.496,..,0.504,..,0.511,..,0.511,..,0.508,..,0.511,..
39,Saudi Arabia,0.919,..,0.933,..,0.933,..,0.928,..,0.923,..,0.921,..,0.92,..,0.918,..,0.921,..,0.913,..,0.916,..,0.911,..,0.902,..,0.914,..,0.921,..,0.926,..,0.926,..,0.925,..,0.931,..,0.924,..,0.926,..,0.936,..,0.94,..,0.939,..,0.941,..,0.944,..,0.943,..,0.938,..
164,Senegal,0.435,..,0.434,..,0.433,..,0.429,..,0.424,..,0.429,..,0.43,..,0.431,..,0.437,..,0.442,..,0.442,..,0.446,..,0.443,..,0.449,..,0.454,..,0.459,..,0.459,..,0.462,..,0.464,..,0.462,..,0.464,..,0.461,..,0.463,..,0.463,..,0.464,..,0.469,..,0.473,..,0.479,..
67,Serbia,0.766,..,0.746,..,0.695,..,0.638,..,0.641,..,0.649,..,0.653,..,0.665,..,0.668,..,0.649,..,0.662,..,0.669,..,0.679,..,0.686,..,0.699,..,0.707,..,0.715,..,0.723,..,0.73,..,0.728,..,0.728,..,0.731,..,0.729,..,0.732,..,0.73,..,0.731,..,0.734,..,0.735,..
62,Seychelles,0.753,..,0.757,..,0.766,..,0.771,..,0.768,..,0.762,..,0.764,..,0.786,..,0.799,..,0.801,..,0.792,..,0.792,..,0.78,..,0.773,..,0.77,..,0.78,..,0.793,..,0.802,..,0.796,..,0.789,..,0.802,..,0.808,..,0.818,..,0.827,..,0.831,..,0.835,..,0.836,..,0.84,..
184,Sierra Leone,0.411,..,0.402,..,0.382,..,0.391,..,0.386,..,0.381,..,0.342,..,0.314,..,0.306,..,0.293,..,0.295,..,0.315,..,0.344,..,0.35,..,0.353,..,0.353,..,0.355,..,0.373,..,0.381,..,0.384,..,0.377,..,0.379,..,0.404,..,0.423,..,0.424,..,0.387,..,0.377,..,0.38,..
9,Singapore,0.88,..,0.885,..,0.893,..,0.903,..,0.917,..,0.924,..,0.926,..,0.937,..,0.928,..,0.935,..,0.943,..,0.937,..,0.939,..,0.947,..,0.953,..,0.96,..,0.974,..,0.981,..,0.974,..,0.968,..,0.993,..,0.996,..,0.996,..,1,..,1,..,1,..,1,..,1,..
38,Slovakia,0.754,..,0.729,..,0.718,..,0.719,..,0.728,..,0.738,..,0.748,..,0.756,..,0.762,..,0.76,..,0.762,..,0.768,..,0.774,..,0.775,..,0.784,..,0.796,..,0.808,..,0.823,..,0.833,..,0.827,..,0.832,..,0.833,..,0.838,..,0.842,..,0.845,..,0.85,..,0.854,..,0.859,..
25,Slovenia,0.792,..,0.778,..,0.769,..,0.774,..,0.782,..,0.789,..,0.794,..,0.801,..,0.806,..,0.814,..,0.819,..,0.824,..,0.829,..,0.832,..,0.838,..,0.845,..,0.852,..,0.86,..,0.864,..,0.851,..,0.853,..,0.854,..,0.85,..,0.848,..,0.853,..,0.853,..,0.857,..,0.865,..
152,Solomon Islands,0.42,..,0.42,..,0.431,..,0.43,..,0.438,..,0.448,..,0.446,..,0.44,..,0.44,..,0.434,..,0.409,..,0.393,..,0.383,..,0.389,..,0.398,..,0.412,..,0.415,..,0.422,..,0.41,..,0.384,..,0.399,..,0.408,..,0.436,..,0.451,..,0.444,..,0.45,..,0.441,..,0.443,..
113,South Africa,0.686,..,0.683,..,0.676,..,0.675,..,0.676,..,0.678,..,0.681,..,0.682,..,0.68,..,0.681,..,0.685,..,0.686,..,0.69,..,0.692,..,0.698,..,0.704,..,0.711,..,0.715,..,0.718,..,0.716,..,0.719,..,0.721,..,0.722,..,0.723,..,0.724,..,0.724,..,0.723,..,0.722,..
187,South Sudan,..,..,..,..,..,..,..,..,..,..,..,..,..,..,..,..,..,..,..,..,..,..,..,..,..,..,..,..,..,..,..,..,..,..,..,..,0.463,..,0.465,..,0.459,..,0.462,..,0.368,..,0.372,..,0.383,..,0.383,..,0.364,..,0.342,..
26,Spain,0.825,..,0.829,..,0.829,..,0.828,..,0.828,..,0.834,..,0.837,..,0.842,..,0.847,..,0.853,..,0.861,..,0.865,..,0.867,..,0.869,..,0.871,..,0.873,..,0.876,..,0.878,..,0.877,..,0.872,..,0.872,..,0.869,..,0.866,..,0.864,..,0.867,..,0.872,..,0.877,..,0.882,..
76,Sri Lanka,0.541,..,0.546,..,0.551,..,0.56,..,0.566,..,0.572,..,0.576,..,0.585,..,0.591,..,0.596,..,0.604,..,0.6,..,0.605,..,0.614,..,0.621,..,0.628,..,0.638,..,0.647,..,0.653,..,0.659,..,0.67,..,0.681,..,0.693,..,0.696,..,0.702,..,0.707,..,0.712,..,0.714,..
167,Sudan,0.418,..,0.416,..,0.425,..,0.431,..,0.433,..,0.439,..,0.448,..,0.46,..,0.462,..,0.461,..,0.462,..,0.467,..,0.473,..,0.477,..,0.478,..,0.486,..,0.499,..,0.511,..,0.518,..,0.519,..,0.519,..,0.536,..,0.55,..,0.503,..,0.55,..,0.555,..,0.558,..,0.562,..
100,Suriname,0.7,..,0.701,..,0.691,..,0.666,..,0.686,..,0.683,..,0.685,..,0.688,..,0.692,..,0.686,..,0.687,..,0.679,..,0.696,..,0.703,..,0.714,..,0.72,..,0.726,..,0.736,..,0.741,..,0.743,..,0.745,..,0.747,..,0.752,..,0.757,..,0.758,..,0.754,..,0.74,..,0.739,..
7,Sweden,0.863,..,0.859,..,0.853,..,0.848,..,0.856,..,0.862,..,0.864,..,0.868,..,0.876,..,0.886,..,0.893,..,0.895,..,0.898,..,0.903,..,0.907,..,0.912,..,0.92,..,0.924,..,0.923,..,0.912,..,0.92,..,0.922,..,0.921,..,0.921,..,0.923,..,0.927,..,0.931,..,0.932,..
2,Switzerland,0.936,..,0.933,..,0.931,..,0.93,..,0.929,..,0.93,..,0.931,..,0.936,..,0.941,..,0.944,..,0.95,..,0.947,..,0.945,..,0.949,..,0.952,..,0.959,..,0.962,..,0.957,..,0.947,..,0.955,..,0.964,..,0.957,..,0.959,..,0.96,..,0.96,..,0.962,..,0.96,..,0.96,..
155,Syrian Arab Republic,..,..,0.541,..,0.556,..,0.56,..,0.573,..,0.579,..,0.585,..,0.592,..,0.594,..,0.585,..,0.58,..,0.584,..,0.592,..,0.591,..,0.598,..,0.602,..,0.607,..,0.611,..,0.612,..,0.618,..,0.621,..,0.612,..,0.577,..,0.539,..,0.505,..,0.492,..,0.482,..,0.476,..
127,Tajikistan,0.558,..,0.544,..,0.488,..,0.457,..,0.415,..,0.392,..,0.357,..,0.364,..,0.37,..,0.374,..,0.381,..,0.393,..,0.405,..,0.416,..,0.431,..,0.439,..,0.446,..,0.456,..,0.466,..,0.468,..,0.498,..,0.504,..,0.512,..,0.521,..,0.519,..,0.517,..,0.522,..,0.529,..
154,Tanzania (United Republic of),0.4,..,0.399,..,0.395,..,0.392,..,0.39,..,0.392,..,0.396,..,0.397,..,0.399,..,0.402,..,0.405,..,0.407,..,0.417,..,0.421,..,0.428,..,0.435,..,0.44,..,0.446,..,0.45,..,0.453,..,0.458,..,0.465,..,0.467,..,0.473,..,0.479,..,0.483,..,0.49,..,0.495,..
83,Thailand,0.632,..,0.642,..,0.651,..,0.663,..,0.673,..,0.683,..,0.688,..,0.682,..,0.666,..,0.673,..,0.68,..,0.682,..,0.689,..,0.697,..,0.705,..,0.71,..,0.718,..,0.725,..,0.727,..,0.725,..,0.734,..,0.738,..,0.744,..,0.745,..,0.748,..,0.751,..,0.757,..,0.762,..
80,The former Yugoslav Republic of Macedonia,0.688,..,0.68,..,0.667,..,0.656,..,0.655,..,0.654,..,0.654,..,0.655,..,0.66,..,0.664,..,0.67,..,0.667,..,0.668,..,0.671,..,0.678,..,0.683,..,0.693,..,0.695,..,0.709,..,0.709,..,0.713,..,0.716,..,0.714,..,0.718,..,0.724,..,0.727,..,0.73,..,0.729,..
132,Timor-Leste,..,..,0.603,..,0.614,..,0.625,..,0.631,..,0.639,..,0.659,..,0.674,..,0.673,..,0.571,..,0.592,..,0.598,..,0.608,..,0.578,..,0.528,..,0.433,..,0.518,..,0.629,..,0.642,..,0.662,..,0.662,..,0.659,..,0.58,..,0.621,..,0.605,..,0.662,..,0.663,..,0.638,..
165,Togo,0.387,..,0.382,..,0.373,..,0.344,..,0.357,..,0.367,..,0.378,..,0.394,..,0.386,..,0.383,..,0.378,..,0.371,..,0.367,..,0.37,..,0.369,..,0.367,..,0.369,..,0.369,..,0.351,..,0.355,..,0.355,..,0.355,..,0.353,..,0.357,..,0.367,..,0.396,..,0.399,..,0.404,..
98,Tonga,0.543,..,0.553,..,0.552,..,0.556,..,0.569,..,0.571,..,0.571,..,0.569,..,0.576,..,0.58,..,0.581,..,0.584,..,0.59,..,0.591,..,0.59,..,0.589,..,0.59,..,0.583,..,0.585,..,0.588,..,0.593,..,0.598,..,0.599,..,0.594,..,0.594,..,0.598,..,0.604,..,0.607,..
69,Trinidad and Tobago,0.714,..,0.717,..,0.714,..,0.712,..,0.714,..,0.719,..,0.729,..,0.744,..,0.757,..,0.768,..,0.775,..,0.783,..,0.795,..,0.814,..,0.83,..,0.835,..,0.853,..,0.86,..,0.864,..,0.855,..,0.86,..,0.847,..,0.846,..,0.857,..,0.853,..,0.863,..,0.859,..,0.854,..
95,Tunisia,0.604,..,0.606,..,0.613,..,0.611,..,0.614,..,0.616,..,0.623,..,0.63,..,0.636,..,0.643,..,0.648,..,0.653,..,0.654,..,0.66,..,0.668,..,0.67,..,0.677,..,0.684,..,0.688,..,0.692,..,0.695,..,0.69,..,0.695,..,0.697,..,0.7,..,0.699,..,0.699,..,0.7,..
64,Turkey,0.713,..,0.711,..,0.717,..,0.725,..,0.714,..,0.724,..,0.733,..,0.742,..,0.743,..,0.735,..,0.743,..,0.73,..,0.738,..,0.744,..,0.756,..,0.768,..,0.776,..,0.782,..,0.782,..,0.772,..,0.783,..,0.796,..,0.801,..,0.811,..,0.816,..,0.822,..,0.825,..,0.833,..
108,Turkmenistan,0.669,..,0.658,..,0.629,..,0.627,..,0.598,..,0.579,..,0.586,..,0.57,..,0.575,..,0.594,..,0.594,..,0.605,..,0.6,..,0.606,..,0.611,..,0.62,..,0.64,..,0.654,..,0.669,..,0.674,..,0.682,..,0.698,..,0.711,..,0.725,..,0.738,..,0.75,..,0.756,..,0.763,..
n.a,Tuvalu,0.554,..,0.559,..,0.563,..,0.568,..,0.581,..,0.572,..,0.563,..,0.575,..,0.597,..,0.594,..,0.61,..,0.625,..,0.644,..,0.587,..,0.597,..,0.59,..,0.587,..,0.606,..,0.603,..,0.605,..,0.586,..,0.583,..,0.55,..,0.586,..,0.567,..,0.616,..,0.612,..,0.616,..
162,Uganda,0.305,..,0.309,..,0.307,..,0.316,..,0.32,..,0.333,..,0.342,..,0.345,..,0.348,..,0.355,..,0.352,..,0.353,..,0.362,..,0.366,..,0.37,..,0.374,..,0.385,..,0.393,..,0.4,..,0.405,..,0.408,..,0.417,..,0.417,..,0.417,..,0.419,..,0.422,..,0.424,..,0.424,..
88,Ukraine,0.707,..,0.692,..,0.673,..,0.646,..,0.61,..,0.59,..,0.576,..,0.573,..,0.57,..,0.57,..,0.58,..,0.597,..,0.607,..,0.622,..,0.64,..,0.645,..,0.656,..,0.669,..,0.674,..,0.649,..,0.656,..,0.664,..,0.666,..,0.666,..,0.665,..,0.65,..,0.654,..,0.664,..
34,United Arab Emirates,1,..,1,..,1,..,1,..,1,..,1,..,1,..,1,..,1,..,1,..,1,..,1,..,1,..,1,..,1,..,1,..,1,..,1,..,0.995,..,0.97,..,0.959,..,0.962,..,0.965,..,0.971,..,0.976,..,0.983,..,0.985,..,0.985,..
14,United Kingdom,0.844,..,0.842,..,0.842,..,0.845,..,0.851,..,0.854,..,0.858,..,0.863,..,0.868,..,0.872,..,0.878,..,0.881,..,0.885,..,0.89,..,0.892,..,0.897,..,0.898,..,0.9,..,0.897,..,0.889,..,0.892,..,0.893,..,0.892,..,0.893,..,0.896,..,0.898,..,0.9,..,0.902,..
13,United States,0.895,..,0.893,..,0.896,..,0.898,..,0.902,..,0.904,..,0.908,..,0.913,..,0.917,..,0.923,..,0.927,..,0.927,..,0.928,..,0.932,..,0.936,..,0.939,..,0.942,..,0.943,..,0.942,..,0.936,..,0.939,..,0.941,..,0.943,..,0.944,..,0.947,..,0.95,..,0.951,..,0.953,..
55,Uruguay,0.688,..,0.694,..,0.705,..,0.708,..,0.717,..,0.715,..,0.722,..,0.734,..,0.74,..,0.737,..,0.734,..,0.727,..,0.717,..,0.711,..,0.718,..,0.731,..,0.738,..,0.747,..,0.756,..,0.761,..,0.771,..,0.778,..,0.784,..,0.79,..,0.794,..,0.795,..,0.797,..,0.8,..
105,Uzbekistan,0.448,..,0.512,..,0.491,..,0.484,..,0.473,..,0.469,..,0.468,..,0.472,..,0.477,..,0.481,..,0.483,..,0.487,..,0.492,..,0.497,..,0.507,..,0.516,..,0.525,..,0.545,..,0.558,..,0.562,..,0.57,..,0.58,..,0.591,..,0.602,..,0.609,..,0.614,..,0.622,..,0.63,..
138,Vanuatu,0.483,..,0.484,..,0.473,..,0.473,..,0.472,..,0.478,..,0.481,..,0.483,..,0.486,..,0.492,..,0.492,..,0.49,..,0.479,..,0.479,..,0.481,..,0.483,..,0.494,..,0.497,..,0.511,..,0.508,..,0.506,..,0.505,..,0.499,..,0.507,..,0.508,..,0.507,..,0.51,..,0.514,..
78,Venezuela (Bolivarian Republic of),0.75,..,0.762,..,0.765,..,0.762,..,0.755,..,0.758,..,0.755,..,0.76,..,0.758,..,0.748,..,0.751,..,0.752,..,0.733,..,0.718,..,0.74,..,0.755,..,0.769,..,0.782,..,0.786,..,0.776,..,0.771,..,0.772,..,0.778,..,0.777,..,0.773,..,0.758,..,0.73,..,0.705,..
116,Viet Nam,0.396,..,0.402,..,0.414,..,0.422,..,0.434,..,0.448,..,0.458,..,0.467,..,0.474,..,0.48,..,0.499,..,0.506,..,0.514,..,0.522,..,0.533,..,0.53,..,0.539,..,0.547,..,0.553,..,0.558,..,0.566,..,0.573,..,0.579,..,0.585,..,0.591,..,0.599,..,0.608,..,0.615,..
178,Yemen,0.499,..,0.501,..,0.5,..,0.499,..,0.495,..,0.508,..,0.524,..,0.528,..,0.536,..,0.533,..,0.541,..,0.544,..,0.544,..,0.543,..,0.543,..,0.547,..,0.553,..,0.555,..,0.554,..,0.561,..,0.566,..,0.539,..,0.543,..,0.546,..,0.539,..,0.469,..,0.407,..,0.38,..
144,Zambia,0.458,..,0.454,..,0.45,..,0.46,..,0.444,..,0.445,..,0.451,..,0.452,..,0.446,..,0.451,..,0.453,..,0.458,..,0.461,..,0.468,..,0.469,..,0.473,..,0.478,..,0.483,..,0.495,..,0.513,..,0.517,..,0.523,..,0.535,..,0.534,..,0.54,..,0.54,..,0.538,..,0.54,..
156,Zimbabwe,0.479,..,0.483,..,0.468,..,0.468,..,0.473,..,0.47,..,0.483,..,0.481,..,0.477,..,0.472,..,0.458,..,0.461,..,0.451,..,0.436,..,0.428,..,0.42,..,0.411,..,0.402,..,0.367,..,0.368,..,0.384,..,0.398,..,0.417,..,0.428,..,0.428,..,0.426,..,0.426,..,0.426,..
n.a,Korea (Democratic People's Rep. of),..,..,..,..,..,..,..,..,..,..,..,..,..,..,..,..,..,..,..,..,..,..,..,..,..,..,..,..,..,..,..,..,..,..,..,..,..,..,..,..,..,..,..,..,..,..,..,..,..,..,..,..,..,..,..,..
n.a,Monaco,..,..,..,..,..,..,..,..,..,..,..,..,..,..,..,..,..,..,..,..,..,..,..,..,..,..,..,..,..,..,..,..,..,..,..,..,..,..,..,..,..,..,..,..,..,..,..,..,..,..,..,..,..,..,..,..
n.a,San Marino,..,..,..,..,..,..,..,..,..,..,..,..,..,..,..,..,..,..,..,..,..,..,..,..,..,..,..,..,..,..,..,..,..,..,..,..,..,..,..,..,..,..,..,..,..,..,..,..,..,..,..,..,..,..,..,..
n.a,Somalia,..,..,..,..,..,..,..,..,..,..,..,..,..,..,..,..,..,..,..,..,..,..,..,..,..,..,..,..,..,..,..,..,..,..,..,..,..,..,..,..,..,..,..,..,..,..,..,..,..,..,..,..,..,..,..,..
